{
    "1": 2.971712677309697,
    "2": 2.971712677309697,
    "3": 2.971712677309697,
    "4": 2.971712677309697,
    "5": 2.971712677309697,
    "6": 2.971712677309697,
    "7": 2.971712677309697,
    "8": 2.971712677309697,
    "9": 2.971712677309697,
    "10": 2.971712677309697,
    "11": 2.971712677309697,
    "12": 2.971712677309697,
    "13": 2.971712677309697,
    "14": 2.971712677309697,
    "15": 2.971712677309697,
    "16": 2.971712677309697,
    "17": 2.971712677309697,
    "18": 2.971712677309697,
    "19": 2.971712677309697,
    "20": 2.971712677309697,
    "21": 2.971712677309697,
    "22": 2.971712677309697,
    "23": 2.971712677309697,
    "24": 2.971712677309697,
    "25": 2.971712677309697,
    "26": 2.971712677309697,
    "27": 2.971712677309697,
    "28": 2.971712677309697,
    "29": 2.971712677309697
}